cse,dvqmhxfeicxm,52
ee,stfnsqrtvvhooedqhxyxfkqu,55
mse,yfvfummvwayggdlbpjwjrj,56
me,ueps,75
bsbe,rrcoffdcrljaorlcrjkywubxexrimjokfecqtmq,72
mth,xkbjhtujklofcjilsscxohkugknfivwylon,80
eco,khapcrkuwmqlnyuuwsa,74
ime,qkkqxzblkchffrmnhzavpqeknuzybojbwpzjjle,84
ce,cxxadlnlpipyi,78
ae,dmrsjwesmthdaf,82
cc,vkyaeepiywcidvcffc,89
media,mdtzsyruewzxvlln,141
iwd,rpyuuekezdk,143
hc,aelbyf,106
doaa,wuqbeczyovgxyqvvmfszbdslxyezmqgju,120
dosa,yczwiqsseozynekcslbjyygawb,113
sports,r,140
business,g,125
ncl,oqvwa,128
lhc,ufcomjic,130
