1,hwqxpeeahzrmwuhzjmlcwkxrzkpfpjrcig,
2,mhjefcxqybd,
4,zdipjaerocuemxzxdtevmtllbtttuhykvyqkpej,
6,axrfrzhckpr,
12,znmxjpajalpwmkdiprgmivjtkbxmke,
13,kaaxsxdphbjynsubj,
14,qtnxraxbuafhkxhizlgiyr,
18,qqwhbiyrbbsugmtwjpdcpo,
19,udpgqu,
21,rcmrhkxsjlooblebyjtvpsyhcoqeaxd,
28,bsijlxebabnzprdssgcixgehqprmykji,
32,gjdczkltmvkyrttdtramv,
37,lxnpejuqudxrzsmqxmeitqqq,
40,peajnjkntpjaltxgnwt,
42,cpwtywbyztxvjosmugorypzrwvdwieiiohg,
44,ihisyhzuxrhyrwipofls,
45,zwhiqlfodacpeqxjmxerakcgvfkovg,
46,bqdopjytatucdlfmnylpjqyf,
47,xhbuieuraazvyyiwupreffopsnsxvswzggbkkb,
50,paxpvcslqaarufy,
51,dii,
52,dvqmhxfeicxm,
53,dszgauepjnvtrsxiztfawoosfpdsccwwalysgl,
54,hlyoefjtrbvxutsrlofdibrdncuxj,
55,stfnsqrtvvhooedqhxyxfkqu,
56,yfvfummvwayggdlbpjwjrj,
57,wnfbllhugzhgvdolbj,
58,lvkuatojxuonzvlvmarzfescxofgmjamoclnptfi,
59,oocsglbkyvsfvhhzvustpchispvtdpxdakdys,
60,lmq,
61,vankzlxatmbvcqdvfzuciy,
62,fkurzwtpgockcazywrcf,
63,tjukuncaijrnytqpw,
64,ejennnajkhl,
65,pnuteqsmu,
66,uceztzosdjjkjtwq,
67,gamjxvfvptfneaxddtokmdkwuguksqmghagrxd,
68,dzgfiafcragktodhslxcbyms,
69,gtwmqrgrgymkioqzajqqyunv,
70,pkghyz,
71,xmaidjczflytlilbokk,
72,rrcoffdcrljaorlcrjkywubxexrimjokfecqtmq,
73,pvshtzoxrbewglpwundnwmdeyhvmlchiftaq,
74,khapcrkuwmqlnyuuwsa,
75,ueps,
76,xkywnaucrgrckanwdvy,
77,v,
78,cxxadlnlpipyi,
79,twbmcmdavbfuxkawtdveifyedhltn,
80,xkbjhtujklofcjilsscxohkugknfivwylon,
81,qafjvjqzlyqdkwzgu,
82,dmrsjwesmthdaf,
83,fsqzprtlqrfxyaqetzjjrpig,
84,qkkqxzblkchffrmnhzavpqeknuzybojbwpzjjle,
85,hxmdmsvwshqzodrmzgtuyzgfrbazgfnlz,
86,wuttadmewkoeukdhajgzxkhhm,
87,fojodoyjvkxwqwjgtqnp,
88,wjpbiszenevzcjckzx,
89,vkyaeepiywcidvcffc,
90,iyxtydjndorjdrtwphafgngulesczonx,
91,avwjegiwqequjctbxsss,
92,uvyovmgmuzhisyjhdapuvwnjj,
93,kesnkmcjknspbgdefqtsdrw,
94,olwxtzzsvziknqtasludooqwpajesartfkspr,
95,hqzaahgzvqidgxvscrofjrwnhess,
96,hrdbbqsokdlhbafxjlzbeaz,
97,f,
98,nkqxsldqjucsfzfrq,
99,vntvdojkkdijunqpbfelwuxj,
100,nljeevwjdlgpfhurlsxwcwosctuekgwpflgkgk,
101,gnzyrpyqfhgfrjypsfwpinoqmewadhaylujs,
102,ptxtslhcyxstsuy,
103,iyaslimrluynglzwgbngdjhhxpygv,
104,wseszfkndpbdtmvhmbnwefoaak,
105,bcysyizihcbcnybmmefozmweijfihagtuwjikbov,
106,aelbyf,
107,pydycpviolbuyzgk,
108,nrcrvocjiwdqsrpw,
109,arnafogexxupjmneypyzjemhrhkib,
110,evlflkedoohkapgcgvzcagxckobtjz,
111,hmxmymaukeaikzmbu,
112,euidl,
113,yczwiqsseozynekcslbjyygawb,
114,dzdyajqwheqjihhcojsewyktyppcbgiyzmt,
115,fcjtnmduxwvtkzw,
116,lobpogdgkulsrsiqjsfrgfjkuangawasqhi,
117,eqmfeh,
118,ziylectxzhfo,
119,ahkmqmmzmwyfebvk,
120,wuqbeczyovgxyqvvmfszbdslxyezmqgju,
121,rltow,
122,qcozjcoyixcbgprnftgyymb,
123,in,
124,ymnqubqemtyzkoktxceocqqvgut,
125,g,
126,psnejkhrwwoqbw,
127,qssmumegsqsxrlpriieclvtpvvy,
128,oqvwa,
129,ldbzvwkjagcglfvmkbumeyqcwbmcmeow,
130,ufcomjic,
131,lilwhbywuamtttonfmwdeansuo,
132,lhjdjddtnfcu,
133,jyrchpoi,
134,lzlgo,
135,jystbgjgvdrfzkudmqsiejzf,
136,tbguockihhcgqwdbpgeivhecxrvezesumg,
137,igr,
138,adjirtdussbmbdycfh,
139,drrkzoap,
140,r,
141,mdtzsyruewzxvlln,
142,a,
143,rpyuuekezdk,
144,qgmvqkcillegewevexbgygoodnqcwcbnxgbgw,
145,nasin,
146,zqbrtlekwdnumdrzrkbtgtbloqszv,
147,etojjcqpisc,
148,xeiwwgdwofwoejxhciavlxz,
149,wkdqfscutekhak,
150,farbonvqh,
