1,fvgcfzukzvqbokpjtzlyhveuo,marrage partner
2,ojhxfxgnpxlhyyomuwfehzcbxmixhpdynqerz,marrage partner
4,ufttqocprrvdvtrvmdjuibnmlfsmsezco,marrage partner
6,gphqivqldugnevxiwutkyxhamozwpvjatsciwyey,marrage partner
12,yvpkinqjyqgqidsgzcxsjz,marrage partner
13,uycrfvfjpueebzbpzjwsl,marrage partner
14,oueaawafnhxsdcqgttqebgw,marrage partner
18,hreqnbdfdxfszdewotknpexpwudbaxhcygx,marrage partner
19,bjtl,marrage partner
21,faycykmpskzroswsavfahi,marrage partner
28,aauselhos,marrage partner
32,iwuw,marrage partner
37,ytvyvchoxsexikkpcxhwzaexvcv,marrage partner
40,klchfzreuxhipzhl,marrage partner
42,bomatvfetwldjiaskdfwodxskj,marrage partner
44,iglsclkwahvnoxmockvurfgfwlbczqgi,marrage partner
45,dwoevauvghynewwwdatuith,marrage partner
46,cdivxxdtcodmkojephnwqpofgihgcdvmy,marrage partner
47,wpmxuavgmvvmmwvpbthjkwalkdbhdmbww,marrage partner
50,vayf,marrage partner
51,toedtqelnivizjluyxklplhsf,marrage partner
52,wknclgdxicutyheyrrkucdbzfci,marrage partner
53,bgxztxicipnwtxvnuyrbctswltknuvrum,marrage partner
55,stpqtyxehmdgugpck,marrage partner
56,wswey,marrage partner
56,mdikearnbatixejtzygclijdrunpbwnotueaeqfo,father
56,gxxbqfejnlncoqvicewqoojeyprzwjtb,mother
57,axxskijzx,marrage partner
58,evoafrokhlfkozybibdzwzyzjbdbvrswukysb,marrage partner
58,pbybbqnxiolylsvpadgwsqtfhlevkygonbpkqiwh,father
58,zmmsxfbtz,father
59,iuqlvnuzbnkpfpedhxgwbidvhxlhuktql,marrage partner
59,ojupxtvyuxzlskugekbulhpwygqbjosbtly,son
60,vnojqtdcyewmciruwrqpvyxkyya,marrage partner
60,jpgismiejcdjalefdfjoaiahkabeiqsvosyxzn,daughter
61,fpmgpmvicvbkutizifpimbjdx,marrage partner
61,sqzhkjyxujodeyixomrzladnbwaizfefj,son
61,emy,mother
64,vqyhzcekuccwlkrwqvifqotuwemddooe,marrage partner
64,xnimjbafozevlptjjvgtvlfoigkabdiibsr,son
65,xdrmztpkhvmxzrcyraokgoehuiwwpuordxljcpgb,marrage partner
65,mgwsogshhriwiotpputevptyklfysdbahxv,father
65,wgeofdeuj,servant
66,qjjsthsrxtfmntlznaaosabkurnrekywfl,marrage partner
66,wshxqzszkz,son
70,daxujvakicmcitvapygnprjhkmzkbyuiuywebz,marrage partner
70,mqjqcxlnggollunofchrhhgi,daughter
70,cavewyaxvkhfmkuedttwbbjeihvthuhrzaz,son
71,yrodcxtxkcmonrfcbu,marrage partner
71,leviwsnsvsfvjjheebupaknmtatt,mother
71,gfi,son
72,xlek,marrage partner
72,lnhgicqjnsgooubcloouppufnjy,father
75,mezvwrwqhapkivxpphuyx,marrage partner
76,gujftuiycmtqkgrfzqccnglckytdeqbzx,marrage partner
78,gvnhsngtwbwyflewezbljyixoswf,marrage partner
79,ziwpdvnemgkhwdqmvzzyigicckkpiqqfhi,marrage partner
80,y,marrage partner
80,jjqtghmtgbvsqbixfggfpoeuflmylzgzvvlag,father
81,txujdndi,marrage partner
82,naewtzgsjwzzwcwlhvupuamcipjktlvut,marrage partner
83,bioloqweobioncjmvzwbguywdocepftkuvbeiajt,marrage partner
85,vwqejosasrtjxmwgosvzosxejljftjl,marrage partner
85,gsyyzonizixjmodphhboiwrolseteds,father
86,fcknfhncrymgtwrchzbpsaxxqlhdtns,marrage partner
86,pckxybehlwvijcltdycbl,servant
87,vfuqgosccqyaanbkfez,marrage partner
87,qesannzmzuwgoztnkpim,son
87,kcrqrtxeodkrjubzsm,servant
88,goorkphehgz,marrage partner
89,furfbqmznozbgxlelusmgqhmyujrk,marrage partner
89,qmecydhxrduoqgianoiyvhixgc,son
90,rgkainqidkcktxkeaqwqvcdihuk,marrage partner
90,pruifpnbstnqlivibnyzyyproyylzwbfmmz,daughter
91,lofaqwshphubflmjyyxqrn,marrage partner
91,ukjzvszc,servant
91,piscybtykihxdnsfknjz,daughter
92,lrbfjtcpafbgaybbxive,marrage partner
92,tlkiklbgprxgwqtokwmvigdgpacaaahifdpl,mother
93,zekhiebfvmouioxwfewmytvtjoihtbsgliscsja,marrage partner
93,dewyoaltdgzrz,daughter
94,pxhrjv,marrage partner
95,knsfr,marrage partner
95,mcgjhovhqbdhzjeofgpydtzokt,daughter
95,qcepvg,daughter
96,cfdsmhexohvqlfpqsbwfspnwz,marrage partner
97,dcyzmnofgdxnttbxqw,marrage partner
99,yrcez,marrage partner
99,cggzsanbsycyfzrgqnvmevpqnsopxokhazzqxlu,son
99,bdchnwibvuunmfarqcoekj,servant
100,payyhscfcilzle,marrage partner
103,suul,marrage partner
103,mbcofctmkbpdgcvuagohokldgcfh,daughter
104,zzinrkm,marrage partner
104,hxxsboaqhazquesrbunyhccg,son
105,gwelqdgyrfsmijuytvkdu,marrage partner
105,uvveaoas,daughter
105,rgvblyjmg,son
106,bwkggsqidaticaozxdfrasfsehkahbq,marrage partner
106,nbdt,father
107,jkxaktlf,marrage partner
107,npigqpgffkfycfsglzvkv,father
107,xqsdhzjwsusjsvohqvzhrmvmhd,mother
108,ntfaebymgpfsrgldtzzfwxqcovhwcotzfugbkskj,marrage partner
108,chwilmrczajoefwf,daughter
110,hjkbwlijwtsiujnlywehphwqzuacglk,marrage partner
110,opaxakygjbcjxzquncfhyrniefoqranltuvbej,son
110,syiwhwmwvyrpmm,daughter
111,rwtyqugdsnwfy,marrage partner
111,kqsfujmqczy,mother
111,qvhiwfkykzrulw,daughter
112,ywlyzfjkzrhzyugwagoqacogqpoxyu,marrage partner
113,onnphkvxrkibeqdyvfxxekykb,marrage partner
113,mketveenqxzdqbzmptohjzxjbm,mother
114,fkdruwazzchsbe,marrage partner
114,uelfzkxmcoaarzqkpclprj,servant
114,jeaxfmhmofmxsyazhkulbwt,father
116,ddlgsyewybeluhmngpmalbtzqwkzsdkgi,marrage partner
117,ycafouluopdfhjjmfguagnfauhecthurhzqqn,marrage partner
118,nhxrndbawanatzgcccnmlvdtoteuhksoxnkxxona,marrage partner
118,nppqpez,son
118,muzafdncfdnvnwugwegjxxxcdknk,mother
119,weuwvkmzwfvj,marrage partner
119,if,father
119,kyheopmxkjus,mother
121,rfcovmp,marrage partner
121,lfrlqvxyydyeyftdgealgpshirsaz,father
121,kznkayfqqhaszjbucszzwhngx,son
122,tstpxpkrbajoima,marrage partner
122,k,son
123,evrymzjaoqxxuisjqiespugkxsiuytembaxcao,marrage partner
124,ddssazsweaztbmrkklgjxoqhnwfheu,marrage partner
125,pkrkqlvvrbnycnuavsjeysn,marrage partner
126,ccxyszdemqpbxlnleclyrbz,marrage partner
127,gwomjlsikojivuavsaeracsqyen,marrage partner
127,ef,son
128,uzxqhvrlpc,marrage partner
129,yxdyecdanfvmvkgabgiagkaaqxrzpynbekuksp,marrage partner
131,nlknlyhzegkrdpfsebfdauuqmkwtoigxbgys,marrage partner
131,kpqanrppzlkvohdazabjwdaqtjjpkloxd,son
131,sqohvlbapxvycelnvzblhfgw,father
132,svhbuyoaalixmtrtlufoprpqoghjgirgjo,marrage partner
134,zqvg,marrage partner
134,dlzojfwiggndmqxdq,mother
134,zbazcyf,servant
135,ohchcmyebfozcvbsyklyunwqmp,marrage partner
135,dtfcfibntrwdoajduhkmqxmodlyayksliynvo,daughter
136,acmjzhcivmvnczonfxvzntu,marrage partner
136,xfjemdzzoukjbuqdjpfycgwydrusdzbgmddoswy,daughter
138,bvgkvefapjjil,marrage partner
138,dhhjjlheicg,mother
138,cxnvxwmiqiqwudenyilpbrf,father
139,pnsfhguucerkdjckjtmv,marrage partner
140,fzhk,marrage partner
140,e,son
140,jocyrqxzjvjfvuizqbx,mother
142,dvpvvpukvcryvnsltydngvnxpuenpvoznrrnyuu,marrage partner
142,deohawy,servant
142,zfccnzctlpqwvscoxirueoixilszcomigcns,mother
144,rplifhdwuyuavbinuerxcp,marrage partner
144,ebvliqvuqhpbsap,mother
146,rjepooriqkbbtcxjb,marrage partner
146,uiircwyritmxcegftavih,son
147,nujpkcvyitkbwathvchfuohmrkojsaiwpn,marrage partner
147,xptjxygvuvyfgdywdvlh,mother
148,qyissgsfxfywmbjfywsgpzrweladekpomb,marrage partner
149,nulbiyzes,marrage partner
149,xlwchcjkqmezctbpjqkpzueragbrqvld,servant
149,agsrlbkzsaxtjphfeu,son
150,gsnvfsnqoyxkpwzgzfrovz,marrage partner
150,nkvljjxxfqzkilunbhepcanfqbvgpbywec,father
